channel_title,Total Views,Total Trending videos,Like to Dislike Ratio
YouTube Spotlight,783298628,11,1
Marvel Entertainment,776328353,47,54
LuisFonsiVEVO,534738794,10,22
Logan Paul Vlogs,484356303,24,2
Universal Pictures,461273964,53,20
EminemVEVO,416007924,31,21
GEazyMusicVEVO,415888915,31,25
Ed Sheeran,400504946,17,61
DisneyÃ¢â‚¬Â¢Pixar,371016286,18,34
20th Century Fox,344947728,68,35
Dude Perfect,332128345,25,72
jypentertainment,276291969,26,14
KatyPerryVEVO,273333649,18,5
SMTOWN,256987943,47,69
5-Minute Crafts,249591883,22,5
Lele Pons,245226624,43,22
TaylorSwiftVEVO,244182424,14,19
justintimberlakeVEVO,232092388,34,9
ibighit,224009476,13,77
Sony Pictures Entertainment,215449430,39,8
Bruno Mars,213126073,15,30
SpaceX,191262816,24,33
Warner Bros. Pictures,189379185,73,5
Saturday Night Live,182287923,80,8
DemiLovatoVEVO,181177688,22,56
Paramount Pictures,177775273,33,37
KendrickLamarVEVO,173712654,24,60
WWE,170551952,83,33
CaseyNeistat,164914790,52,19
The Film Theorists,144650505,38,19
Maroon5VEVO,139792531,19,40
The Slow Mo Guys,139307255,45,57
PinkVEVO,133897758,18,28
Bad Lip Reading,131462037,40,27
BostonDynamics,130744978,20,35
Liza Koshy,130541992,27,104
Cardi B,129689285,14,18
Dua Lipa,124992796,13,41
NFL,124942646,99,6
WIRED,124237402,70,46
The Late Late Show with James Corden,122739227,71,30
shakiraVEVO,122400297,7,5
MigosVEVO,122134908,20,20
ChainsmokersVEVO,118870020,21,24
SelenaGomezVEVO,116603411,18,52
Simply Nailogical,116445329,53,108
Screen Junkies,114955368,78,35
HBO,114005214,35,21
Safiya Nygaard,113590188,42,89
Ram Trucks,110711462,9,0
Vevo,110333348,8,24
IISuperwomanII,109652282,56,48
marshmello,106357042,21,62
Bud Light,104489909,7,3
FBE,103516267,50,17
CinemaSins,98660965,57,16
Marques Brownlee,96943703,66,47
Nintendo,93402960,40,11
Jeep,88158175,9,25
Turkish Airlines,86666242,7,12
FiftyShadesVEVO,86648549,25,62
First We Feast,84377565,93,25
HyundaiUSA,83086102,11,0
TheEllenShow,82770028,86,33
Late Night with Seth Meyers,82677166,85,10
Lucas the Spider,81834968,16,47
Mark Rober,79383365,20,43
Jimmy Kimmel Live,77585536,79,8
Smosh,76700739,57,13
Hannah Stocking,76219450,42,16
Brave Wilderness,74584387,35,54
Anwar Jibawi,74444019,42,33
Rudy Mancuso,73772856,28,50
Collins Key,73162789,8,54
Kurzgesagt Ã¢â‚¬â€œ In a Nutshell,70575700,34,32
CamilaCabelloVEVO,70049199,17,85
ExplosmEntertainment,69368674,56,33
The Tonight Show Starring Jimmy Fallon,68543272,91,17
OVO Sound,65363750,6,54
The ACE Family,64609976,9,113
SiaVEVO,64602694,33,36
Vox,63874340,95,9
Vogue,63603286,58,86
jacksfilms,61101935,48,70
Troom Troom,60865590,13,4
The Late Show with Stephen Colbert,60734102,85,6
Billboard,59406754,39,59
LastWeekTonight,59392739,17,14
NikkieTutorials,58169712,28,103
1theK (Ã¬â€ºÂÃ«Ââ€Ã¬Â¼â‚¬Ã¬ÂÂ´),57375949,19,57
nigahiga,56404154,19,62
JenniferLopezVEVO,55649039,4,12
Calvin Klein,55096553,5,1
BuzzFeedVideo,54433004,63,13
LOL Network,54230890,10,43
The Graham Norton Show,53790378,52,34
BBC Radio 1,53244375,47,75
SZAVEVO,51729360,16,7
CollegeHumor,51641920,70,19
JennaMarbles,49803463,19,91
Dwarf Mamba,49190093,8,42
The King of Random,48705428,56,8
ThomasRhettVEVO,48557588,11,29
Lionsgate Movies,46971160,7,58
Intuit,46410511,4,2
Star Wars,46105348,42,7
TRYANGLE FILMS,46062940,6,23
TroyeSivanVEVO,45972812,16,56
Unbox Therapy,45970446,17,21
LIL UZI VERT,45907542,8,17
TheOdd1sOut,45449800,7,83
TheAngryGrandpaShow,44963723,8,73
Hulu,44677749,14,10
Conor Maynard,44469933,5,52
Boldly,43947889,16,11
bill wurtz,43814313,23,39
Binging with Babish,43740776,42,54
JayRockVEVO,43409357,6,29
Lil Wayne,42913354,9,19
Ben Pluimer,42801449,13,15
SamSmithWorldVEVO,42736277,15,85
Mike Austin,42503849,9,12
Disney Movie Trailers,42465587,24,9
Butch Hartman,42233867,21,38
Netflix,41710723,95,17
OK Go,41183174,7,18
Hevesh5,41078824,36,16
Vanity Fair,40542008,56,37
Bon AppÃƒÂ©tit,39802953,71,25
CrazyRussianHacker,39791129,33,17
HaileeSteinfeldVEVO,39712033,9,89
Tide,39538681,10,36
HollywoodLife,39219073,19,3
Good Mythical Morning,38962432,57,8
James Charles,38915376,31,34
ZEDDVEVO,38631230,12,14
MLG Highlights,38629388,15,0
Adult Swim,38578045,8,26
Gerry Litwin,38140887,12,13
Atlantic Records,38120643,45,73
Shay Mitchell,37649692,13,11
Legendary,37558556,7,12
ESPN,37258928,96,5
Life Noggin,37238007,81,31
Linus Tech Tips,37092950,32,14
PitbullVEVO,36668491,10,19
Kitchen Nightmares,35983552,19,36
FallOutBoyVEVO,35972908,25,45
Alan Walker,35843928,33,66
RemyMaVEVO,35527167,25,7
shane,35413539,9,121
Tom Scott,35403212,88,40
JunsKitchen,35328417,24,159
The Dodo,34568943,61,51
Bleecker Street,34262015,16,4
Macklemore LLC,34127002,13,40
AsapSCIENCE,34023108,39,20
Pinball Wiz,33991190,9,91
Jackie Aina,33900092,48,55
NBC,33772031,15,2
NBA,33632887,94,9
5FDPVEVO,33501371,19,33
iKON,33246211,5,108
Fueled By Ramen,33174757,39,55
PBS NewsHour,33007379,24,9
Full Frontal with Samantha Bee,32973495,63,1
5MadMovieMakers,32955977,17,26
Tasty,32886324,48,36
ImagineDragonsVEVO,32668620,23,46
Dani Ochoa,32321375,12,29
Prime Video,32010035,5,8
Whistle Sports,32007446,12,39
Wendover Productions,31950182,43,29
The Daily Show with Trevor Noah,31574912,16,3
KhalidVEVO,31235543,16,66
TMZ,31007719,35,4
LadyGagaVEVO,30742191,15,49
All is Art,30618743,9,24
John Lewis,30557393,4,5
Rosanna Pansino,30425093,47,58
Mnet K-POP,29980157,7,54
HalseyVEVO,29834129,7,61
boogie2988,29282299,13,20
Jaiden Animations,28945742,10,76
INSIDER,28820579,80,39
TechSmartt,28795673,18,1
E! Entertainment,28668844,67,11
Doug DeMuro,28634203,28,20
Budweiser,28592638,7,5
The Verge,28373893,46,18
Breakfast Club Power 105.1 FM,28257462,38,5
The X Factor UK,28161814,13,52
Complex,28008346,27,18
amazon,27952435,10,9
You Suck At Cooking,27918671,31,28
The Official PokÃƒÂ©mon YouTube Channel,27453726,22,12
TinasheOfficialVEVO,27423391,16,37
Cut,27331565,37,58
Martin Garrix,27250257,7,81
jeffreestar,26703095,13,38
Groupon,26402350,7,4
The Voice,26215756,41,14
BURGER KING,26169061,8,12
Nike,25776205,10,14
the Hacksmith,25690388,12,24
Major Lazer,25516159,15,54
CNN,24910046,85,1
Domics,24613246,14,109
iJustine,24563977,63,10
PTXofficial,24557705,13,35
HvdH-Plane-Spotter,24475287,5,24
Lindsey Stirling,24248935,16,75
videogamedunkey,24159761,6,60
CalumScottVEVO,23905628,16,136
BBC News,23850270,54,6
Doug Ellison,23832561,13,14
The Food Ranger,23587884,29,25
itsAlexClark,23030539,31,38
William Osman,22948742,61,66
Inside Edition,22910839,66,10
Michelob ULTRA,22858318,5,2
Gus Johnson,22635550,44,20
Step Up: High Water,22447439,9,5
A Chick Called Albert,22324463,7,62
CrashRacing,22199905,8,16
MrBeast,22068205,7,15
ONE Media,22043556,21,2
TODAY,21983555,71,1
NFVEVO,21923445,9,57
Mr. Kate,21265089,24,90
Charlie Puth,21127388,12,74
Pitch Perfect,21021349,8,21
Brat,20658205,7,53
Open Road Films,20319703,7,14
TIME,20245899,48,2
Joey Graceffa,20183463,25,68
Primitive Technology,20018181,5,113
The Royal Family,19939567,9,8
Ultra Music,19749530,12,37
ProZD,19644543,15,15
Niki and Gabi,19531458,10,32
PlayOverwatch,19481778,15,31
Entertainment Tonight,19418099,49,3
ThreadBanger,19400625,22,84
Linkin Park,19353808,23,100
CBS News,19322495,55,1
Lil Peep,19266150,6,134
JonTronShow,19103910,6,49
KygoOfficialVEVO,19071153,7,76
Matthias,19048351,22,43
FrenchMontanaVEVO,18885554,7,27
JayZVEVO,18797516,5,10
TED-Ed,18690209,61,54
GraceVanderWaalVEVO,18562724,13,106
Kia Motors America,18470406,7,18
Dolan Twins,18305623,12,284
Cobra Kai,18277184,6,10
TechRax,18272347,12,5
AmazingPhil,18201915,14,182
MGM,18178781,5,7
GoPro,18077756,31,51
Simon's Cat,18019504,53,57
Half as Interesting,18013582,39,29
Guardian News,17923408,52,3
Camila Cabello,17817374,15,86
MLive,17672778,16,11
Washington Post,17644405,76,0
What's Inside?,17572083,14,4
Pepsi,17501532,11,2
Google,17218420,20,15
Jeremy Jahns,17197588,26,22
REACT,17058794,14,21
DJSnakeVEVO,17011865,7,68
Madelaine Petsch,16664356,34,201
Nerdwriter1,16602729,40,84
BLACKPINK,16524026,5,84
Rudimental,16427946,12,83
The White House,16403196,21,1
Austin Evans,16373151,35,25
The Infographics Show,16362800,28,11
Marzia,16227224,35,92
Matthias Wandel,16098820,19,9
Casually Explained,16086205,7,31
Focus Features,15953135,19,11
Highlight Heaven,15912747,15,14
Hope For Paws - Official Rescue Channel,15873226,29,78
Just Wow me,15864924,8,28
Tanner Braungardt,15722889,7,7
LOOK MUM NO COMPUTER,15703449,10,24
CBS This Morning,15691125,55,0
Zoella,15564653,19,33
Foot Locker,15409025,10,26
HellthyJunkFood,15348987,51,18
Jordan Wilson,15308631,9,21
Panic! At The Disco,15236171,12,104
CGP Grey,15155292,10,149
ElleOfTheMills,15147270,19,60
Muse,15128228,7,18
ABC Television Network,15095201,10,36
BBC,15051323,25,4
LouisTomlinsonVEVO,14971040,6,200
adidas Football,14964217,7,4
Taylor Nicole Dean,14789738,28,46
Adam Smith,14750793,6,14
Philip DeFranco,14748688,8,34
The New York Times,14660223,56,27
Maymo,14521677,9,10
Wengie,14437979,7,10
Taylor Swift,14422595,23,57
Chris Rosa,14377600,5,12
Bobby Duke Arts,14353823,14,49
Apple,14352460,13,6
Team Edge,14290845,12,44
JerryRigEverything,14285718,35,40
littlemixVEVO,14241026,10,108
Simply Not Logical,14186497,17,96
Attaullah Malik,14177068,8,1
BrasherN,14114169,7,13
Team Coco,14091303,21,7
Tech Insider,14029022,25,23
Land Rover,14019124,7,42
HarryStylesVEVO,13938107,6,87
The View,13901806,56,2
Blonded,13899991,7,40
Great Big Story,13713854,72,64
FaZe Rug,13665892,8,5
A24,13474924,13,24
Poppy,13460462,24,10
AnthonyPadilla,13416350,49,36
NJ.com,13321604,18,1
Clevver News,13265810,28,3
iggyazaleamusicVEVO,13219515,7,11
Chilly Willy,13124922,8,66
SciShow,13120406,52,26
Colleen Ballinger,12948464,8,27
CHRIS-RS,12914827,6,101
Morgan Adams,12788114,15,54
NFL Network,12777656,9,22
The Grand Tour,12717282,23,27
Chris Stuckmann,12599925,20,17
Red Bull,12569658,26,70
ShawnMendesVEVO,12501077,8,186
Graham The Christian,12484874,7,8
AviciiOfficialVEVO,12421837,6,56
JheneAikoVEVO,12361863,6,68
BuzzFeedBlue,12339070,15,1
PlayStation,12312195,6,72
Lauv,12255131,13,153
vlogbrothers,12230458,56,53
Diplo,12222339,13,47
CalvinHarrisVEVO,12113607,10,6
Mike Boyd,12026638,20,101
Today I Found Out,11989085,19,14
Queen Naija,11969982,12,100
TBS,11950727,14,16
Tati,11804521,15,33
NBC News,11780242,62,1
Sam Chui,11779203,6,10
Ryan Canty,11715543,5,18
Oscars,11704560,8,3
Omeleto,11656567,14,8
Kylie Cosmetics,11654705,8,24
U2VEVO,11651587,29,6
Doctor Who,11648381,9,5
PokÃƒÂ©mon GO,11537586,7,10
Glamour Magazine,11532705,8,49
Looper,11484255,13,8
Movieclips Trailers,11481232,23,0
GQ,11399137,17,26
VICELAND,11359237,10,4
CBS Films,11322404,4,12
IGN,11286529,33,15
Mr Sunday Movies,11271625,14,56
Hayley Kiyoko,11254749,6,100
Horizon Productions SFL,11218319,9,16
Mark Sales,11206205,9,13
PHP,10962577,5,5
Chris Smoove,10949107,17,38
BBC Three,10911332,18,29
BANGTANTV,10902829,5,376
How To Cake It,10862282,23,77
BuzzFeed Celeb,10812563,11,19
Brent Pella,10586842,8,17
AlishaMarie,10561515,9,88
Variety,10504555,27,0
Ben Actis,10455839,8,35
Desi Perkins,10421452,22,54
Jaclyn Hill,10384088,12,32
National Geographic,10369604,41,14
SmarterEveryDay,10344595,15,44
Channel Awesome,10333649,18,22
Capital FM,10317977,9,16
Miranda Sings,10273595,25,23
Will Smith,10204003,17,75
Natalies Outlet,10180105,6,117
Colleen Vlogs,10127882,19,16
Lyft,10113686,9,23
Cracked,10051250,26,14
colinfurze,9909809,12,59
Rooster Teeth,9827843,13,21
Glam&Gore,9775183,24,102
Rob Bliss,9701123,7,22
ABC News,9666836,70,1
Beyonce,9578073,5,9
theneedledrop,9574670,30,11
Grace Helbig,9487102,52,60
ChrisBrownVEVO,9361727,7,40
FC Barcelona,9270318,29,42
Zebra Corner,9268406,6,32
wdwmagic,9265854,10,1
Inanna Sarkis,9252139,7,24
Karina Garcia,9219130,6,38
Cards Against Humanity,9186934,8,2
Amber Scholl,9165810,25,28
TheReportOfTheWeek,9124684,16,11
Alissa Ashley,9094406,26,69
Simone Giertz,9089748,25,20
Battle Universe!,9051461,11,12
Veritasium,9051086,14,88
Australian Open TV,9035474,17,26
Let Me Explain Studios,9030647,6,42
Munchies,8999805,20,40
Fox News,8989940,29,3
Watch What Happens Live with Andy Cohen,8954852,66,1
Sprinkleofglitter,8952248,16,78
NoahCyrusVEVO,8938720,9,34
Orion Pictures,8933850,7,7
Duston Ward,8898135,8,19
TromaMovies,8823516,8,8
Green Day,8817596,11,46
Ranz Kyle,8676032,16,126
Rella On the radio,8629097,5,33
Jason Derulo,8524177,4,21
SeanPaulVEVO,8502127,6,65
thegameawards,8454016,6,17
Amazon Studios,8395216,17,6
KBSKpop,8346693,8,38
MasterClass,8291604,4,108
Zendaya,8234661,7,88
The 2x Family,8200751,6,48
David Guetta,8199225,6,27
KathleenLights,8171877,18,71
Disney Descendants,8158025,6,8
Manny Mua,8104400,6,41
Jonathan Morrison,8103086,20,13
KBAK - KBFX - Eyewitness News - BakersfieldNow,8080063,8,28
NASA Jet Propulsion Laboratory,8056076,8,24
Revolt TV,8055481,8,15
The Action Lab,8054309,5,6
RealLifeLore,7989911,18,25
Lip Sync Battle,7862787,34,19
HOT 97,7850299,6,115
ABC Action News,7848153,9,7
Alesso,7786569,7,17
The Weather Channel,7784540,9,34
theCHIVE,7706805,8,14
AnselElgortVEVO,7590243,6,81
Guy Tang,7508430,7,22
Ellie and Jared,7457580,13,29
Tyler Oakley,7446840,36,51
Clevver Style,7445122,14,14
How To Cook That,7427326,30,39
Brian Hull,7407313,24,27
Ã£Æ’Â¯Ã£Æ’Â¼Ã£Æ’Å Ã£Æ’Â¼ Ã£Æ’â€“Ã£Æ’Â©Ã£â€šÂ¶Ã£Æ’Â¼Ã£â€šÂ¹ Ã¥â€¦Â¬Ã¥Â¼ÂÃ£Æ’ÂÃ£Æ’Â£Ã£Æ’Â³Ã£Æ’ÂÃ£Æ’Â«,7389323,6,25
KBS World TV,7361683,3,101
euronews (in English),7353875,25,7
Big Marvel,7323283,15,82
ASMR Darling,7316390,7,15
C-SPAN,7308845,28,3
Daniel Howell,7298244,4,234
Dorkly,7276493,6,27
The School of Life,7242558,32,25
Leroy Sanchez,7219025,12,179
BÃƒËœRNSmusicVEVO,7190304,14,55
Kaplamino,7173978,9,156
Freddie Lister,7151971,7,8
NickJonasVEVO,7069856,25,64
Recording Academy / GRAMMYs,7054634,7,4
JasonAldeanVEVO,7044089,7,28
E! Live from the Red Carpet,7042359,13,12
Candide Thovex,6997284,6,99
dope2111,6915252,4,18
ThirtySecondsToMarsVEVO,6900112,8,24
NBC Sports,6839205,24,9
The Bella Twins,6826745,16,45
RM Videos,6824468,43,11
MN khan,6802599,5,5
Jenny Nicholson,6761567,42,11
RAP DAILY,6732940,7,4
PsychoSoprano,6722392,11,54
Patricia Bright,6707897,10,39
Carla Resendiz,6692044,8,23
carrieunderwoodVEVO,6677347,6,17
NiallHoranVEVO,6658698,10,161
FailArmy,6610961,3,8
hp_overload,6599794,7,7
HowToBasic,6599715,3,8
BRIGHT SIDE,6582622,5,9
Howl Of A Dog,6549569,5,81
BBC Earth,6482422,40,20
Nick Ramos,6436629,5,0
JOLLY,6411264,22,46
SB-LII Commercials,6377720,9,11
Australia,6365560,9,20
JackWhiteVEVO,6361229,12,10
ELLE,6332596,11,82
Wendy Williams,6306370,22,4
The Real Daytime,6266151,25,14
NBA on TNT,6262486,7,15
Avocado,6245242,2,22
Cole and Marmalade,6205719,16,52
Chloe x Halle,6178272,17,18
Simon and Martina,6173193,24,40
SUPERFRUIT,6137973,15,49
matt,6110345,8,16
KaneBrownVEVO,6086269,15,25
"But First, Coffee",6073847,3,70
Refinery29,6068962,91,9
Lisa Eldridge,6054114,19,90
TheBackyardScientist,6037569,7,10
UrAvgConsumer,6017708,8,16
MiguelVEVO,6006029,11,93
ViralHog,5979781,36,20
Ã¬ËœÂÃªÂµÂ­Ã«â€šÂ¨Ã¬Å¾Â Korean Englishman,5963784,6,57
RedCurtainEnt,5961158,3,10
Patrick Nan,5960191,5,139
The Telegraph,5940518,8,2
Klossy,5933371,17,95
DisneyMusicVEVO,5916587,7,39
sWooZie,5913141,5,28
Zero Media,5869635,3,17
Bethany Mota,5849270,5,62
iHasCupquake,5823433,7,53
Strictly Dumpling,5809054,8,22
The Pet Collective,5730942,9,24
ChrisStapletonVEVO,5720718,20,23
Guava Juice,5706756,6,7
Fifty Shades,5697328,3,5
Wong Fu Productions,5643111,20,59
ConnorFranta,5614775,32,99
Rclbeauty101,5599488,8,31
MoreZoella,5596985,6,99
ÃÂÃÂ»ÃÂµÃÂºÃ‘ÂÃÂµÃÂ¹ ÃÂÃÂ°ÃÂ²ÃÂ°ÃÂ»Ã‘Å’ÃÂ½Ã‘â€¹ÃÂ¹,5579079,1,5
KylieMinogueOnVEVO,5572363,6,25
Jesse,5529291,8,50
ThreeDaysGraceVEVO,5527420,7,44
ABC7,5506919,7,18
ALL URBAN CENTRAL,5491645,8,14
BachelorsPadTv,5489920,6,33
Tia Mowry's Quick Fix,5489420,6,34
Mashed,5488331,7,11
Paramount Network,5482985,8,0
JamesAVEVO,5465397,5,154
Noah Nicholls,5444065,4,30
Maddie Ziegler,5432939,11,96
Food Wishes,5405852,24,32
Anna Akana,5389630,27,69
CNNMoney,5385040,14,18
Michelle Khare,5303023,33,8
Roy Moore for Senate,5247547,8,0
GamingWithJen,5204680,7,15
SugarlandVEVO,5198965,12,12
Kandee Johnson,5197937,20,11
WOWPresents,5152253,21,15
MariahCareyVEVO,5149796,12,16
ET Canada,5124037,6,3
StingVEVO,5102092,8,29
DanTDM,5093448,3,102
EltonJohnVEVO,5050726,6,6
Fleur DeForce,5050456,18,49
grandayy,5050182,6,30
JamesBayVEVO,5049890,12,25
How To Make Everything,5041776,17,32
Quicken Loans,5021256,9,17
Sprint,4983540,5,1
Anna Saccone,4962538,5,44
mmschocolate,4856227,15,28
Cat Man Chris,4812051,12,10
MyLifeAsEva,4809601,7,28
Jeopardy!,4801836,7,42
MSNBC,4780540,37,3
Comedy Central,4753081,7,28
Warner Bros. UK,4750222,7,4
BenTheBondsman,4722506,8,12
kehlani parrish,4721197,9,82
dodieVEVO,4684398,12,112
KeithUrbanVEVO,4671903,14,16
Olympic,4670431,10,5
I Like To Make Stuff,4634436,4,50
AntsCanada,4622106,6,23
Hydraulic Press Channel,4600322,13,21
CNBC,4586065,28,3
EA SPORTS FIFA,4566662,6,22
MITCHELL WIGGS,4549074,3,77
WXYZ-TV Detroit | Channel 7,4545273,7,9
Andrew Lowe,4520045,7,4
Vance Joy,4505738,13,108
CBS New York,4489513,13,18
FX Networks,4453454,22,25
Scotty Sire,4439770,6,288
MGMTVEVO,4413729,7,38
TurboTax,4370697,11,45
Monster Cable Products,4355010,9,2
Mashable Daily,4292643,6,7
Freedom of the Press Foundation,4278714,12,11
Huxley Berg Studios,4262244,9,24
Good Morning America,4252433,23,39
Netflix Asia,4228105,7,22
Waterjet Channel,4222139,10,21
VICE,4209236,10,29
Demi Lovato,4197884,7,51
Studio C,4195782,8,29
Cam'ron,4193017,5,3
Tpindell,4182989,8,21
LukeCombsVEVO,4167194,12,31
Comicbook.com,4166744,12,12
UFC - Ultimate Fighting Championship,4164529,7,18
People are Awesome,4151749,9,81
Sailor J,4147944,30,36
Casey Holmes,4099561,16,47
VICE News,4088723,23,4
Mikey Murphy,4047328,6,189
amc,4046703,12,5
DanAndPhilGAMES,4033755,6,319
R3HAB,4019979,9,85
BreakingBenjaminVEVO,4019099,5,47
clothesencounters,4009016,16,42
BjÃƒÂ¶rk,4003900,23,26
ElectroBOOM,3981785,13,78
jennxpenn,3956094,12,51
NZPoliceRecruitment,3921025,6,29
ColliderVideos,3905050,53,12
Miss Universe,3889363,6,10
Shawn Johnson East,3866858,10,9
Summoning Salt,3854531,6,38
The Hollywood Reporter,3841860,35,7
PatrickStarrr,3754706,8,41
Teen Vogue,3746552,24,102
Toyota Global,3730960,7,18
MyHarto,3728970,16,7
BuzzFeed Nifty,3672371,24,7
Hamilton: An American Musical,3672322,7,46
TV Promos,3665480,20,28
Thomas Sanders,3662971,17,51
Diet Coke,3660760,8,0
RackaRacka,3650323,3,98
Nikita Dragun,3629441,8,62
Motherboard,3594802,8,36
Swish Daily,3574548,3,8
TopClips247,3562683,4,34
Peter McKinnon,3541124,8,65
Daily Caller,3527339,3,0
NowThis World,3513639,5,6
CBC News,3508302,10,10
Nile Wilson,3508054,11,30
TMZSports,3505996,1,1
PONY Syndrome,3473591,7,42
EverythingApplePro,3456350,5,30
CBS Sunday Morning,3450547,12,19
Rebel Wilson,3426561,9,14
The Key of Awesome,3418838,9,28
Yoga With Adriene,3397020,7,68
Jack Coyne,3387722,11,34
Genius,3357035,15,19
Portugal. The Man,3356296,18,22
Dave Lee,3343806,10,21
Daisy Marquez,3331483,6,11
FOX Sports,3328895,21,3
Markiplier,3296098,5,80
heyitsfeiii,3295686,5,72
BBC Music,3293506,3,26
Esther Bellido,3292899,5,35
JÃƒÂ¡n IlavskÃƒÂ½,3281173,4,66
Laura Lee,3244244,6,40
West Midlands Police,3236524,5,3
foofightersVEVO,3225798,8,53
KFC,3225221,7,0
Verizon,3222759,7,13
Third Leg Studios,3217651,13,11
Christen Dominique,3208887,7,99
Piece Of Me Tour Planet Hollywood,3206710,8,1
Christine Sydelko,3204278,6,107
CBS Los Angeles,3194316,43,6
Awkward Puppets,3193367,6,62
Inside the Magic,3189718,9,0
The Talk,3181976,26,2
PrettyMuchVEVO,3177869,14,174
New Orleans Saints on NOLA.com,3175208,9,9
BMW USA,3174474,3,34
XAmbassadorsVEVO,3171577,13,63
The Orchard Movies,3136894,10,21
Buttered Side Down,3132338,19,24
Michael Dapaah,3128136,9,107
Berd,3123806,14,62
Sugar Pine 7,3123696,14,47
OneBitMusicVEVO,3110803,3,22
Corridor,3098057,5,17
ELLEUKTV,3091426,7,10
Corinne Leigh,3083103,7,137
Lucas,3079154,12,3
Muselk,3056994,6,29
LD Entertainment,3044534,6,8
PB Comps,3038266,6,22
Dj Earworm,3034381,7,8
Grandpa Kitchen,3023782,7,46
The Oregonian,3023652,9,2
CNET,3021717,24,19
DamonAndJo,3015367,37,40
Super Netvid,3014847,1,15
HouzzTV,3003540,7,42
It's Okay To Be Smart,3000905,10,84
Radovan Lazic,2956469,2,2
Lofty Pursuits,2953345,5,46
Laura in the Kitchen,2945684,26,35
Yes Theory,2920522,8,70
KKandbabyJ,2915320,9,96
Cody'sLab,2892443,8,41
Architectural Digest,2892284,5,11
PLAYERUNKNOWN'S BATTLEGROUNDS,2892032,6,23
Avocados From Mexico,2867651,4,18
Persil ProClean,2858154,7,1
Brad Mondo,2854513,10,30
ChangeofplanZ,2826033,6,10
blackbearVEVO,2822309,4,149
Funny Commercials,2821311,3,31
standupmaths,2798640,16,34
grav3yardgirl,2798217,11,22
Chris Turner,2791032,7,39
ANDREW HUANG,2790190,21,105
United Launch Alliance,2776246,13,6
TheScriptVEVO,2774676,11,105
alt-J,2769646,7,23
LecraeVEVO,2695370,13,24
FightHype.com,2680141,18,4
AT&T,2673056,5,171
Eva Lunde Bentley,2671536,8,58
Numberphile,2669307,12,132
Wassabi Productions,2661437,6,52
Banana Culture Music,2661336,2,132
Vlogs By DK4L,2652236,6,29
tonyvera1902,2633276,6,17
H&M,2623070,8,11
Jason Yu,2615721,6,25
Man About Cake,2611893,16,87
Funny New Videos,2594748,4,26
Lame Videos,2583029,3,9
Nerdist,2581366,12,24
Shoshana Bean,2575740,7,35
Coca-Cola,2559038,4,1
CaptainDisillusion,2554074,9,133
Squarespace,2543558,4,26
BellatorMMA,2517679,2,6
CamVEVO,2507442,9,10
Gigi Gorgeous,2505629,7,1
jenniferhudsonVEVO,2461736,7,30
PetaPixel,2457408,1,13
USA TODAY,2454681,36,2
New York Daily News,2430114,8,3
John Campea,2411621,43,8
ScreenJunkies News,2409936,38,11
PointlessBlogVlogs,2406749,5,37
T-Mobile,2388857,8,3
BeckVEVO,2386317,7,18
Epicurious,2386207,2,19
BrantleyGilbertVEVO,2363589,7,34
Sufficiently Advanced,2348034,8,4
Chili Klaus,2343247,3,16
doddlevloggle,2336975,6,88
Nicol Concilio,2336425,7,23
DonDiablo,2329716,5,71
Pero Like,2329316,6,32
Dancing With The Stars,2325706,13,44
Dawid Szmandra,2324333,8,41
Victoria's Secret,2316654,7,35
LIVEKellyandRyan,2316479,18,19
Rachel and Jun,2284670,2,33
Janelle MonÃƒÂ¡e,2283498,6,8
GreatScott!,2270837,11,39
Spotify,2261008,9,21
CupcakeJemma,2254012,23,89
ColdFusion,2249459,8,85
Bkav Corp,2247876,2,2
Max Fagin,2242004,7,10
J.J. McCullough,2238989,12,3
WhatCulture Wrestling,2226514,6,5
The Valleyfolk,2219026,8,101
AaronsAnimals,2207374,12,49
Business Insider,2195754,33,10
Dr. Sandra Lee (aka Dr. Pimple Popper),2176096,12,13
Tina Yong,2171817,7,72
Nickelback,2163388,7,20
Beats by Dre,2152261,1,49
Why Don't We,2134458,3,200
CrowsEyeProductions,2122761,5,21
Blue Origin,2118215,8,31
Davie504,2103375,7,67
Philadelphia Eagles,2101312,6,7
Anew Start,2082164,6,33
NBA Highlights Ã‚Â· YouTube,2063293,7,0
Adam's Apple,2063267,5,26
austinmcconnell,2042338,13,37
ScreenPrism,2042168,14,10
PeterSripol,2038260,6,182
ChvrchesVEVO,2033978,6,26
Gatorade,2031164,2,81
My Self Reliance,2024741,12,58
officialcharlixcx,2005775,12,59
Max Skipper,2000143,7,47
Extra Credits,1993489,6,77
Chubbyemu,1988301,3,24
TechCrunch,1986576,11,9
MTV International,1969687,6,42
Keith Urban,1962651,6,9
Millie T,1957326,7,39
Passenger,1953666,7,87
The Royal Family Channel,1952878,15,6
Keke Palmer,1940696,14,25
Troye Sivan,1937252,5,93
Vet Ranch,1936133,5,57
Campo Santo Productions,1935545,7,3
Shade 45,1927753,8,1
Eater,1922159,21,12
LadBaby Official,1911447,10,45
Alex Meyers,1907690,8,62
This Is Us,1899806,8,9
JamesBlakeVEVO,1894274,6,16
Andrew Rowland,1888321,5,13
WeatherTech,1886555,4,12
MAZELEE,1886026,6,13
DoritosÃ‚Â®,1881906,2,32
Top Korean News,1876334,8,10
jessiepaege,1874310,15,70
CatPusic,1859327,4,171
Vinheteiro,1855819,8,31
Al Jazeera English,1849646,26,5
Asthmatic Kitty Records,1839807,6,23
LukeBryanVEVO,1835018,15,35
SigridVEVO,1824117,6,53
Makeupshayla,1819491,6,34
Laura Kampf,1818974,16,36
SPORTSNET,1817566,13,49
TheMeanKitty,1815703,3,40
Newsflare,1813073,6,84
FIFATV,1812795,6,90
Sesame Street,1811365,4,39
WhatsUpMoms,1811012,5,61
SiriusXM,1805745,15,23
LiamPayneVEVO,1787999,5,199
Shesez,1785251,5,29
TheBeatlesVEVO,1776501,4,127
Emirates,1771676,5,16
TheHoonigans,1770190,5,111
Wall Street Journal,1755440,8,7
Trace Cyrus,1752406,7,4
BBCRadio1VEVO,1738414,13,27
LifeAccordingToJimmy,1737228,8,143
Alabama Crimson Tide on AL.com,1731332,5,7
IAmAnneMarie,1726336,5,145
TheCubician,1724081,6,14
WFLA News Channel 8,1717283,7,14
Alex Gilbert,1717257,7,52
Tom Harlock,1715725,7,44
PaweÃ…â€š ZadroÃ…Â¼niak,1715221,7,110
Rise,1713328,4,12
JuJu Smith-Schuster,1704488,4,42
SKITTLESbrand,1700600,8,11
Everyday Astronaut,1697749,13,56
merrelltwins,1693093,4,60
KATC,1680353,5,10
Lane Anderson,1679819,3,10
Kyle Jennermann,1673771,11,28
Frank May,1669331,4,19
Russell Howard,1669230,3,81
emmymadeinjapan,1661782,12,26
MOMOMOYOUTHVEVO,1660223,2,72
Trailers Promos Teasers,1651713,14,1
JessieJVEVO,1647502,3,59
Ricky Dillon,1647379,4,30
ToniBraxtonVEVO,1645880,5,47
Josh Groban,1636690,15,20
Valk Aviation,1609149,2,6
CBS Evening News,1607245,10,9
KIND Snacks,1597750,6,2
communitychannel,1596177,6,8
Hudson Moore,1581744,8,22
Tyler Stalman,1581403,15,23
DoodleChaos,1578502,5,75
DragTimes,1577536,11,4
It's a Southern Thing,1572514,6,15
KTVU,1567786,5,59
Lorraine,1567723,10,23
Cristi Cristian,1556025,2,23
Tested,1546802,5,24
WHAT'S INSIDE? FAMILY,1544788,13,10
The Scran Line,1539249,37,41
Shmee150,1528667,4,12
TheSorryGirls,1521589,12,32
The king of DIY,1520892,6,28
Rita Ora,1510319,6,37
Solid Gold Aquatics,1509705,6,31
Jenn Im,1504612,6,124
Ozuna,1498866,1,45
Tanya Burr,1494705,6,38
StorrorBlog,1492977,2,47
I.T. Channel,1489992,6,55
The Deal Guy,1483511,10,7
TobyMacVEVO,1477864,5,43
Galantis,1467304,5,71
MatthewSantoro,1463506,4,0
Kortney Steury,1450041,4,36
fosterthepeopleVEVO,1448229,4,32
Bill Gates,1435079,6,24
PeopleTV,1423727,6,47
YTN NEWS,1419929,8,10
Animal Planet,1418374,7,15
GwenStefaniVEVO,1414601,6,13
Andre Black Nerd,1407282,18,19
BerkleyLovesTori,1405747,7,30
IncubusVEVO,1403575,10,27
Feast Of Fiction,1400086,12,17
Dale Dai,1392244,1,31
4given4ever1,1386051,6,13
Wix.com,1373974,5,45
Ingrid Nilsen,1372218,14,13
Physics Girl,1367703,13,30
TheKillersVEVO,1366893,5,46
MinuteEarth,1363236,7,27
FoxSearchlight,1362374,4,23
Katzun,1358038,8,82
Bebe Rexha,1353367,4,36
Matt Steffanina,1345797,4,99
Hunter Hayes,1344582,19,40
lara6683,1343869,7,94
McDonald's,1339491,4,2
FILMWEBTV,1338498,5,125
Caspar,1336644,5,114
NewsFunnies,1332631,6,10
BaconLegs,1330172,6,20
TheTimTracker,1323979,12,25
Pitchfork,1317806,5,46
Car Throttle,1308578,5,46
Science Magazine,1303107,3,23
Pittsburgh Dad,1302909,6,20
Seth's Bike Hacks,1302485,6,100
The CW Television Network,1301364,17,48
Adam Neely,1297318,5,18
Alec Steele,1285670,7,53
Royal Blood,1283922,8,85
India Love,1282828,6,1
slaymeclarkson c:,1282029,8,25
Erin Noelle,1268878,5,107
RagnBoneManVEVO,1265911,6,45
Seonkyoung Longest,1264699,12,48
BellaThorneVEVO,1260240,6,18
"Cyprus Air Heating, Cooling and Fireplaces",1259046,4,3
Bethel Music,1257393,7,58
India Survival Guide,1256995,3,76
End of Ze World,1251036,5,4
Kraft Brand,1248146,7,1
ByronTalbott,1243787,14,17
Hush Kit,1241321,5,2
HANSE Ã­â€¢Å“Ã¬â€žÂ¸,1230525,10,97
Just Between Us,1227100,11,22
TheJuicyJVEVO,1225957,3,2
News 5 Cleveland,1223758,2,5
ThePianoGuys,1222405,6,64
John Maclean,1218763,7,4
See You Yang,1217826,6,11
hwow,1215647,7,86
Toyota USA,1201986,7,8
stacyvlogs,1201263,9,126
Beme News,1201075,10,21
NinaNesbittMusicVEVO,1198042,5,111
Saint Louis Chess Club,1196820,11,13
Now You See It,1196375,5,52
IFC,1189632,8,32
Allie Glines,1186551,9,19
MrTreknation,1181377,7,9
Sara Dietschy,1179980,21,16
Squirrel Monkey,1172874,8,18
Street Speed 717,1166355,5,29
Access Hollywood,1163042,14,2
Mental Floss,1160661,25,19
MrMobile [Michael Fisher],1155974,4,101
Donald J. Trump Topic,1155214,3,1
OlanRogers,1152781,6,46
LustreLux,1152138,7,37
ScottyMcCreeryVEVO,1152025,7,13
IFC Films,1149718,14,2
BETNetworks,1143074,8,4
HaimVEVO,1128822,5,46
How to DAD,1122334,8,25
ARIKITCHEN (Ã¬â€¢â€žÃ«Â¦Â¬Ã­â€šÂ¤Ã¬Â¹Å“),1120759,4,58
That Japanese Man Yuta,1111674,1,61
Shameless Maya,1110217,9,31
AdelaineMorin,1109854,5,100
JP & Julia,1096341,4,16
Kelly Clarkson,1095642,15,32
Forgotten Weapons,1093644,5,132
CatCreature,1093311,12,192
Drew Lynch,1086603,11,113
The Rock,1083966,11,87
This Morning,1083689,5,6
SuperwomanVlogs,1072588,5,22
Bravo,1072149,5,13
Edward Avila,1069816,8,5
Nathan Robinson,1067078,4,106
Goodwillsandusky,1064013,4,46
SupremeSounds,1044035,2,110
Animal Adventure Park,1038309,9,11
Shyrynne,1035381,1,42
Peter Brown,1035003,7,104
Walking With Giants,1031035,6,20
CAguileraVEVO,1030676,8,3
fantano,1029580,9,22
L2inc,1029076,3,41
Molly Burke,1026401,10,35
Alto's Adventure,1025636,7,26
Hazel Hayes,1021787,6,173
Danny Sapko,1018573,2,42
leonalewis,1014765,5,140
Tim Gray,1013352,5,30
Disney Parks,1009020,10,40
SaggyJ,1005159,2,5
Blurred Culture,1005042,6,1
Daz Games,1000208,3,46
Dennis Kapatos,976061,6,29
Arden Rose,963110,10,36
Theme Park Review,961799,11,13
MoorInfo,958422,6,7
Real Madrid C.F.,951936,10,16
Gcincorp Ecommerce and Real Estate,945599,7,1
MÃƒÂ¡quina Voadora,942188,6,42
TheVampsVEVO,940982,5,375
Evan Edinger,940371,6,201
Vsauce2,934751,5,61
Tom Stanton,933815,8,38
ToveLoVEVO,930627,5,75
Cody'sBLab,926065,7,134
Jessica Vu,923493,7,60
MaccabeatsVideos,922695,6,34
Matt and Kim,922543,6,11
danisnotinteresting,921606,5,288
Recanto EcolÃƒÂ³gico Rio da Prata,918887,1,27
How Ridiculous,913918,4,84
Merrell Twins Live,910520,14,59
Fancy Vlogs By Gab,907355,2,65
Beats 1 Radio,905033,11,21
emma chamberlain,897607,5,117
Max Joseph,895352,1,58
Check It Out,894787,1,2
Doug Jones for Senate,893385,8,3
Technology Connections,887694,4,26
Beyond The Trailer,879400,7,4
mariahxlambily,878841,1,4
Funny News,870774,2,27
Just Jared Jr,864971,5,0
PhakeNam,864560,7,12
KipMooreVEVO,857590,6,14
U.S. Navy,851915,4,8
Cultaholic,847019,5,22
Malik Nabee,846155,3,2
EntertainmentVevo,845262,1,66
Strange incident,835050,8,2
engineerguy,826276,5,220
Sailing La Vagabonde,822255,4,58
Tessa Violet,822179,8,201
Rapid Trailer,821290,6,8
Bret Baier,820339,7,1
Rob Scallon,818233,3,68
Moby,817445,6,25
INQUIRER.net,815327,9,35
Julien Solomita,805019,6,418
Billions,804500,4,28
Asian Boss,801140,6,22
David Sistaro,797804,7,40
David Archuleta,786640,6,65
Wintergatan,783946,4,181
Movieclips Coming Soon,782848,8,66
Amber Liu,772801,5,712
Michael BublÃƒÂ©,772722,3,21
Circus HalliGalli,770855,4,10
NBA Stats All Seasons,768746,5,35
MandisaVEVO,765649,5,57
Sports Illustrated,755643,6,0
Vic Dibitetto,753604,4,10
Ryan Davidson,744168,6,4
Jack and Dean,738059,5,132
Crusoe the Celebrity Dachshund,731637,6,28
Kevin Durant,728354,4,48
Mountain Dew,721569,2,45
Jon B.,719831,6,19
Southwest Florida Eagle Cam,718213,4,11
HQVideoDude,717486,5,252
WildTurkeyBourbon,715119,8,25
LexusVehicles,707265,7,12
ParsonJamesVEVO,706615,8,52
Interscope Records,705137,4,31
Good Morning Britain,702210,7,8
New England Patriots,697340,7,10
MassLive,696323,7,8
POPSUGAR,695497,4,115
Jon Olsson,693911,3,21
Derek Hough,693299,9,10
BleachersVEVO,692242,6,58
Tyler Williams,691229,1,161
HANSON,688533,10,21
yovo68,684547,2,21
Kotaku,684418,6,7
NIXOLAS,680855,8,31
My Virgin Kitchen,679545,7,33
EllieGouldingVEVO,677047,5,42
Alex Aiono,668645,3,88
StanDrawsSpaceships,668487,4,43
Guldies,668256,5,204
CYNVEVO,665088,7,20
FundingCircleUK,664053,2,6
Jacob Collier,662097,6,96
BUILD Series,661693,10,84
Hopeless Records,661607,3,82
Topi The Corgi,660916,14,73
Cosmopolitan.com,660892,6,74
"European Space Agency, ESA",659754,5,24
voordeel,658993,6,184
The Modern Rogue,657549,4,70
PBS Eons,656580,4,88
todrickhall,652381,8,103
Liam Gallagher,651947,3,92
DunkFest,651570,6,6
JarJar Abrams,643117,1,40
The Office US,642444,3,84
494ta,637942,1,20
The Cuddle Squad,634593,9,7
Hillsong Worship,632268,4,55
Mayim Bialik,631958,16,10
Anthem Lights,624703,5,116
LGR,613475,3,93
Aunty Donna,613206,6,98
ombremor,612401,5,94
Movie Munchies,607934,5,2
officer401,604280,5,33
Star Wars HQ,603859,4,23
Nicole Guerriero,602739,2,39
Itzztonytony,600850,2,13
Abroad in Japan,600360,5,115
CS Dojo,599996,4,50
Jessica Clements,596663,4,94
kimbramusic,596655,3,24
VidCon,594962,3,117
Business Insider UK,593058,13,0
JK Brickworks,586820,6,60
Absolut,586498,1,11
JoergSprave,581166,5,153
Ryan Calme,578771,3,45
Duncan Sinfield,576127,2,29
Desus & Mero,566387,4,6
LaMadelynn,566144,14,29
TNT,563674,7,2
AIA awards,558585,7,2
TiffyQuake,556909,14,114
Samantha Maria,556582,8,36
Trevor Moran,553866,1,98
Henry Prince Mak,552535,6,55
PAC ENTRETENIMENTO / DJ IVAN DAVIS,548778,3,43
X Games,548768,6,19
SHOWTIME,546964,1,4
JackJohnsonVEVO,543788,9,36
Kitten Lady,543681,7,209
Mike Diva,539059,6,18
Steve TV Show,533630,9,5
Lucy Moon,532472,12,62
geicocaveman2012,530967,3,24
Chris Reinacher,527908,8,9
Like Stories of Old,527044,3,50
NitroV2,524217,6,13
The Thought Emporium,519630,6,9
Popcorn with Peter Travers,513918,5,116
BeOurGuest,513554,5,7
Golden State Warriors,513465,4,74
Joan Kim,513000,8,100
Techmoan,508899,4,87
The Ohana Adventure,506612,7,34
souviendra,506362,6,27
KISS FM UK,506043,6,35
Christopher Davis,503761,7,14
mittromney,501831,6,0
Bruce Land,500381,6,0
Jessii Vee,497080,5,84
Peloton,495919,5,0
nickjonas,495637,9,43
Omaze,495347,9,67
The Square to Spare,495118,6,45
CrazyLaughAction,494534,4,30
Funny Or Die,494239,9,9
The Lore Master,491300,4,76
cocheusadoooo,489259,3,7
Donut Media,482313,4,62
Access,479915,6,0
Tom Daley,477464,10,54
mugumogu,477173,10,113
cineytele,467030,2,161
Exploring Alternatives,466876,4,78
New Scientist,465893,1,7
Nobrand,464396,4,13
Frog The Rooster,463694,2,52
BBC America,461086,9,46
Pomegranate Sunshine,459914,6,29
What I've Learned,459479,2,73
Cleveland Cavaliers on cleveland.com,458973,6,2
Ryan Williams,456724,5,93
RawBeautyKristi,455842,5,24
Redline Reviews,454709,4,20
CondÃƒÂ© Nast Traveler,453497,8,3
Carly and Erin,452549,5,92
Tamar Chronicles,451356,1,12
MsAaliyahJay,451113,2,36
thevirts,447339,4,52
XenonJohn,445768,9,3
J S,442190,2,0
Amazon.co.uk,438045,5,1
Parks and Recreation,432930,7,26
2CELLOS,432186,2,93
Big Ten Network,416925,5,7
Sriram Murali,415228,9,41
Youtube Tea,413650,8,3
Chad Kroeger,412812,1,83
Elton John,408977,6,2
X Factor Italia,407107,2,152
Samsung Mobile USA,405964,7,23
EstÃƒÂ©e Lalonde,405897,3,27
onsetfacilities.com,404058,1,67
Missouri Star Quilt Company,401909,9,15
The Atlantic,400933,11,17
TRL,391341,5,37
SB Nation,391333,4,12
Kayley Melissa,391075,11,86
Turn10Studios,390634,7,21
Late Show with David Letterman,386441,2,55
Magnolia Pictures & Magnet Releasing,383670,6,12
mvt.ias,383216,3,11
Mamrie Hart,382966,3,104
SuperCarlinBrothers,382949,2,67
Inthefrow,380708,4,37
E! News,378952,15,2
ilikeweylie,378807,5,100
Choir! Choir! Choir!,376955,4,65
Senator Chris Murphy,371306,8,1
Campari,368741,3,3
The Unipiper,368536,5,29
Applied Science,365461,7,130
WE tv,361732,13,1
Shaaanxo,361165,2,106
Anaki Abo,358597,1,16
Reach Records,355827,8,20
LaurDIY,355429,1,127
Kyle Gunderson,355321,5,24
Vote The Process,355227,4,22
Jessica Braun | JAMbeauty89,354169,5,24
NFL World,351884,6,1
Be Amazed,350207,5,15
BehindTheSounds,347321,4,117
Peter Caine Dog Training,347282,2,2
Honda,347229,6,3
mayratouchofglam,345015,3,12
Function,344879,7,60
Peaceful Cuisine,343037,5,60
Cody'sLab Backup,342379,5,114
Channon Rose Vlogs,340859,3,105
startelegramvideo,339941,4,12
Chicago Sun-Times,337585,7,1
Lauren Elizabeth,336452,5,18
FOX,335797,10,7
ElbowVEVO,335100,2,14
TED,334974,7,14
DreamCastle_629,333734,6,11
BrettYoungVEVO,333558,4,35
cgriesemer,332627,6,20
FOX Soccer,330333,8,10
Hannah Meloche,327407,4,164
RachelPlattenVEVO,326520,5,26
Sam Sheffer,321664,5,10
Symon,321089,5,19
FliteTest,319572,4,86
East Idaho News,317988,6,0
empireofthesunvevo,317301,2,93
nothorwitzer,317049,8,7
lisbug,315699,5,18
Red Robot - Intelligent Distribution,313531,3,12
Chevrolet,312930,4,8
Maggie Lindemann,312655,3,167
Pixielocks,311572,10,39
KFlayVEVO,310355,6,56
Barn Sanctuary,308985,2,66
Chris Lee,307975,1,40
Pop & Sports HQ,305899,1,14
JAY,304415,4,35
Ford Motor Company,302706,3,15
Brian Klug,302393,6,64
Sound Bites,300923,6,0
3Blue1Brown,298666,1,239
monatheband,296708,2,65
Polyphonic,294806,2,82
heroedelahistoria,294757,6,17
HiHo Kids,293612,2,138
AlmazanKitchen,291454,2,13
Zach Simmons,291189,5,4
colourpopcosmetics,290848,4,89
Associated Press,286371,20,0
Darren Criss,284049,5,318
Will Darbyshire,283392,7,89
Strange Parts,282580,1,104
devinsupertramp,277859,2,23
Lifetime,277438,5,4
Sport Hub,276569,6,1
Izac Less,276540,3,44
Radio Andy,276219,6,0
Sauber F1 Team,275040,2,58
STX Entertainment,274257,6,19
UJ,271369,5,88
Chris Hadfield's Rare Earth,269507,5,32
The Bachelor Insider,267381,4,8
Tony Baker Comedy,265286,5,36
CrashCourse,261871,6,11
Dustin Penner,261544,4,80
Bachelor Nation on ABC,261065,7,1
GohmertTX01,260000,6,1
Whitney Avalon,259070,6,26
dannotv,258506,1,3
Errant Signal,258330,5,36
Midnight Video,258080,4,39
Los Angeles Times,256597,10,0
MrNorrisVideos,255161,2,13
TimandFaithVEVO,254519,5,21
Taylor R,252379,2,79
Tryst Network,250298,5,1
Despierta AmÃƒÂ©rica,249627,6,17
FreeDawkins,246361,9,64
The Cincinnati Zoo & Botanical Garden,245722,4,121
Barcroft Animals,245627,9,52
The New Yorker,245242,5,10
Storyful News,244532,1,3
Chris and Jack,242990,2,93
"One List , One Life",241520,6,8
LaToya Forever,240801,5,116
shurap,240246,3,80
MeganBatoon,239621,3,20
kawaiisweetworld,238467,3,75
Mayo Clinic,237307,1,25
kmichelle,236609,2,28
Duan Mackenzie,235838,3,601
Smyang Piano,234553,6,1473
Jalopnik,234387,5,3
Viva La Dirt League,233460,4,126
Helen Anderson,232032,3,49
Halfway Anywhere,231541,4,68
Bundesliga,230864,2,98
MYSTERY SCIENCE THEATER 3000,229716,10,13
CFL Insider,228099,5,13
Ryan Northover,227989,6,10
CrossKut316,227777,2,309
FaeryInLoveInc,226629,4,3
PostmodernJukebox,226088,1,35
Marco Reps,225914,7,99
PrincessPiaMiaVEVO,224819,2,60
Cloth Map,223952,3,186
Nickelodeon,222821,3,6
Doctor Mike,222545,4,53
paul wheaton,221425,3,4
Frankie Vision,220548,1,71
Star Wars Coffee,220237,8,32
greyson97,219215,5,182
Hin Nya,218855,1,91
Official Charts,218781,10,8
Nathan C,215552,5,0
ThisDustIn,214742,3,24
Roadshow,213860,4,3
Monster Energy,213682,2,40
Gondwana Collection Namibia,213584,1,31
Useless Duck Company,213163,4,10
Specialized Bicycles,208577,4,43
SnekTek,204398,3,34
Sherylcrow,204105,4,5
Recode,203127,6,4
Steeper33,201706,3,5
Livia Giustiniani,200257,4,7
WTHR,199435,7,9
NASA Goddard,198191,5,5
Technomanila,197714,6,1
Big Cat Rescue,197455,5,58
QUARTZ,196913,3,3
reputationswift,195058,6,3
MattMasonPhotography,194693,2,12
SBS TVÃ«Ââ„¢Ã«Â¬Â¼Ã«â€ ÂÃ¬Å¾Â¥xÃ¬â€¢Â Ã«â€¹Ë†Ã«Â©â‚¬Ã«Â´Â,191934,2,60
Rappler,191869,3,2
Popular Woodworking,191448,4,166
Rainer Hilland,190023,5,93
Marteen Estevez,188200,5,89
Amelia Liana,186306,3,32
Shantell Martin,186274,4,49
Adult Swim UK,186062,5,82
Mecum Auctions,184459,2,6
SRAM MTB,183730,3,5
Mark Ferris,183572,4,145
Confuse News,182858,2,2
NASCAR,182590,4,5
D3sports.com,181242,5,1
MODSUN,180919,1,1
ÃÂ¢ÃÂ¡ÃÂ,180711,1,3
The Angie Martinez Show,180119,5,13
SHOWTIME Sports,178435,6,7
12 News,177970,2,3
Tucker Gott,175852,1,79
Srinath .S,174320,2,15
CBS,173252,7,5
ATPWorldTour,171452,3,92
David Windestal,170351,5,31
KSNV News 3 Las Vegas,169511,1,0
Obama Foundation,169118,3,22
Barstool Sports,168760,7,8
NOLA.com,167121,7,0
Special Books by Special Kids,165256,5,119
AutoGuide.com,164656,3,7
52 Skillz,164490,4,21
Jamie Demeter,163780,1,82
StoryCorps,162346,5,23
smoothiethecat,160527,3,97
CMAVEVO,159222,3,7
SIRAH,157979,5,28
TheGracieC,156094,3,20
melodysheep,154695,5,71
Momentum Pictures,153584,9,4
BTS Videos,153341,1,2
Dina Tokio,149928,2,30
neilyoungchannel,149839,2,26
3D Printing Nerd,144852,3,79
Highsnobiety,144133,5,31
Jake Roper,143597,1,35
Jessica Kellgren-Fozard,142863,6,96
The Tommy Edison Experience,142024,6,193
rollingstoneonline,141352,3,39
TSN Tube,141052,1,11
Auralnauts,140784,2,47
James Veitch,139989,1,76
MOBO Awards,139451,4,15
Xscape - Topic,137756,4,56
David Jardine,136175,4,30
CBS Chicago,135585,6,9
Mr Ben Brown,135026,4,61
Kingsley,131287,5,410
Cartoon Hangover,131083,2,4
Kelly Eden,130715,5,11
Torm place,127907,4,1
Canada Soccer,126927,3,9
Movie'n'co UK,124733,4,89
Wendy's,124022,1,4
gamelovercommercials,123153,6,5
RetroManCave,121971,8,177
In Case You Missed It,120474,2,101
Healthcare Triage,119893,8,146
FloSports,116600,4,7
The Ringer,116487,5,13
RocketJump Film School,114859,4,159
The Anna Edit,112510,1,58
Spinach Dippa,111661,2,5
The Sports King,111141,5,44
IGN News,110977,10,10
blvck King,110416,3,77
Haru the Shiba Inu,109804,2,91
cicigoodies2011,109664,6,26
Us Weekly,109438,3,39
MDNA SKIN,109222,2,3
Terrormink,109170,5,8
Loudwire,108570,5,31
The CGBros,106718,4,24
Onur AltuÃ„Å¸ Sever,106135,6,13
NASA,106127,3,35
It's a small world,105203,4,24
Tina Nguyen,105157,5,0
Daily Davidsons,104586,4,68
LoeyLane,104407,1,2
razzark666,104148,2,27
Maddie Lymburner,104116,4,18
Penguin Books UK,103084,2,552
Nicki Shields,102765,3,12
XFL,102749,4,8
mike m,102560,1,0
Chriselle Lim,102062,3,11
LissieVEVO,101583,6,120
TraceyThornVEVO,101406,5,83
bigclivedotcom,101100,2,95
AirPano,100412,2,7
Enter Shikari,99619,1,25
Rachelleea,98962,5,54
Daelric,98287,2,34
So I Had This Idea...,97217,1,14
Chappell Roan,96111,3,173
Alicia Keys,95944,1,7
Elvis Duran Show,95505,6,27
poofables,95085,1,17
Unique Vibes,94323,5,12
marjolijn2,94077,3,190
Lily Pebbles,91167,1,42
Karim Jovian,91110,4,36
60 Minutes,90552,2,28
Caters Clips,90454,1,3
Apple Support,90362,5,15
Sevdaliza,90206,1,188
Mustache Wax,89905,3,88
EVNautilus,89132,1,283
Ben Rohrbach,89113,5,1
Feelunique,87785,5,37
Royal Academy of Arts,87284,5,39
Aymeric Favard,86075,5,14
Writers Guild of America East,85459,3,51
Navenanthen Gepardieu,84501,4,36
MisterWivesVEVO,83853,5,56
DopeBoyTroy,83768,5,2
KickThePj,83200,1,587
Mercedes-Benz,82801,2,27
RealNewsNetworkMedia,82700,3,1
Huw Parkinson,82573,6,88
Tu Fan,82087,1,10
Summit,81647,5,14
gzumwalt,81483,6,2
SR Trailers and Interviews,81445,4,108
flirppy242,80022,3,78
Hollyscoop,79137,3,8
Oscar Fury,78493,4,12
JimBrowski 96HourNews,78474,3,2
DrMachakil,77798,3,72
Brothers Green Eats,77630,1,23
Syracuse Orange,76190,5,3
Dylan Locke,75929,2,100
lugeyps3,75807,3,15
Invisible People,74868,2,27
Andy Grammer,74566,2,55
Empire,73730,3,70
legofreedom1,73593,4,230
Bob Przybylo,73390,6,2
Channel 4,73387,3,37
Philadelphia 76ers,70814,5,17
CBS Philly,70221,3,5
First Aid Kit,70077,4,177
WGA West,69555,5,19
Paul Sellers,68025,2,125
Whyte Foxx Music Videos & More,67944,2,9
Real World Records,66888,4,49
Kevin Noonan,66740,5,41
Emma Massingale,66436,4,84
DrakeBellVEVO,65973,1,8
Kat Cunning,65739,3,6
The Inertia,65371,1,4
TheUnlockr,65222,7,41
Tom Thum,64822,3,181
AmandaMoor & Craft Ideas,64719,4,6
Bloomberg Politics,64316,6,1
Tony Berza,63448,2,54
Fontgod,63389,5,10
Domain of Science,62062,2,164
Nat Geo WILD,61977,1,181
Business InsiderAu,61875,5,2
Turbo Conquering Mega Eagle,60624,3,8
Topic,58585,4,26
Amanda Palmer,57481,2,176
Benn and Gear,57047,2,42
Matoma,56602,3,73
Mom Will Be Proud,56466,2,14
Katy Perry,56012,1,58
MovieAccessTrailers,55746,3,3
Whitney Port,55398,1,53
Hannah Witton,54584,2,116
COVERGIRL,53276,5,6
Talks at Google,53000,1,29
Tim Barrett,52428,2,7
Townsends,52299,3,252
Marie McGann,51051,6,3
Bloomberg,50503,2,8
Catch-Up TV,50019,2,0
Clark Zhu,49596,4,12
NBA on ESPN,49357,5,13
Xbox,48735,1,22
Vat19Nvjds,48416,3,8
The Players' Tribune,47122,3,84
Braxen McConnell,46980,5,12
Just Marcus,46706,1,65
Smequle,46303,2,24
Austin Burk,45967,6,22
misleadingsilhouette,45096,1,31
FerrasVEVO,44195,3,99
730 WVFN,43896,5,0
Lamborghini,43585,2,36
ChloexHalleVEVO,43072,4,85
RESSENCE WATCHES,42187,3,14
Kanimuna Kisaka,42088,4,2
Eric Strebel,41509,10,18
Genuine Survival Research Labs,39113,2,15
Video Library,38824,3,3
Outback Steakhouse,38782,4,12
PhilPhillipsVEVO,38068,1,78
MARIO TESTINO,36452,5,37
Oceana,36420,5,26
Marcos Horacio,35332,4,23
Billy Graham Evangelistic Association,35053,1,8
Max Hertan,34746,4,9
FrownsUpsideDown,34393,2,73
Represent.Us,34212,3,3
CityNews Toronto,34133,1,4
greeenpro,33547,3,5
K Yuen,33260,1,2
Dish Nation,33230,3,22
pjmorton,32837,2,181
NoahKahanVEVO,32509,3,91
MiddleKidsVEVO,32433,2,26
Trevor Wallace,31048,4,116
astroboy1960,30858,2,33
tovestyrkeVEVO,30716,3,141
ROME REPORTS in English,30508,3,8
Lawrence Livermore National Laboratory,30361,1,6
ClovesVEVO,30260,1,88
The University of Chicago,30184,4,10
TrainVEVO,30021,1,13
toofacedcosmetics,29617,2,22
Rainsford,29054,4,9
Guinness World Records,28539,1,27
Disneyland Experience,28303,3,20
David Steuer,27779,1,7
BrianJustinCrum,27010,1,46
Ã©Æ’Â­Ã©Å¸â€¹Ã¨Â¾Â°,26964,2,49
PekingDukVEVO,26117,1,107
Bini the Bunny,26102,1,224
Movieclips Film Festivals & Indie Films,26033,1,16
shoaib246,25796,1,16
Maker's Box,25780,3,27
yeokm1,24311,1,88
BAFTA,24248,1,73
theSkimm,24205,2,0
Ford Europe,23852,2,9
HACKADAY,23648,9,18
Humble Design,23634,1,10
Stefany Gonzalez,23442,2,13
WQAD News 8,22872,3,7
Birdbox Studio,22695,1,36
Plasma Channel,22660,4,29
Hak5,22417,2,5
Commercials Funny,22034,1,7
Freemeo,21441,2,11
Entertainment Weekly,21321,6,21
Gregg Peterson,20581,3,0
WLKY News Louisville,20229,3,0
NWSSanDiego,19932,4,17
DKDKTV,19662,3,141
ladygagaarraza,18916,1,50
Davey Swatpaz,18832,2,71
Mark Linsangan,18783,2,31
Voicebot,18578,5,1
Red Bull Records,18278,3,12
Tegan and Sara,17855,3,274
Hybrid Network,17081,2,63
Kita Osaka,16910,3,10
Crafty Panda,16433,2,20
LetsGoWarriors,16305,1,11
Quad9 DNS,15940,3,21
Tamika Hall,15658,3,13
AFP news agency,15574,4,6
DaHoopSpot Productions,15532,6,0
Viral Paws,15461,2,120
Billboard News,15451,4,6
The Sydney Morning Herald,15321,5,2
Car Commercials of the Past,14390,3,22
Sports Lovers n1,14376,1,0
Geoff Mallinson,14363,3,0
FRANKIEmusicVEVO,14223,2,14
automotivemaster1972,14131,6,4
The Current Source,14114,4,154
Radio Physics and Electronics,13958,4,27
Hot Dad,13676,1,65
UCAN Zippers USA,13648,3,3
Flash Rahbbit,13361,2,21
ekaggrat singh kalsi,12787,2,7
jeremiah johnson,12749,4,1
Blockbuster,12609,1,0
Charles Chan,12515,1,4
BeyondSlowMotion,12468,1,25
John Varvatos,12281,3,120
Must Love Science,11924,2,43
Rock & Roll Hall of Fame,11594,2,7
F Milburn,11486,4,1
CBS Miami,11104,6,5
bitluni's lab,10891,1,154
RihannaNavyVevo,10754,1,5
Desktop Makes,10741,3,134
GinWigmoreVEVO,10682,2,30
MILCK,10668,2,153
SiggasNationÃ¢â€žÂ¢,10525,1,12
LOFTON SHAW,10437,2,20
Kerry Wong,10247,3,66
CyclingTips,9911,2,7
eba era,9699,3,0
CoinDaddy,9577,1,19
Electron Dust,9353,2,11
HOTSPOTATL,9331,3,3
Sieuwe Elferink,9181,2,8
Speks,9158,4,7
iDB,8436,2,27
Mike Olbinski,8177,1,163
YBF Chic,8158,3,4
Freeform,7978,1,109
truTV,7829,2,9
IsraeliPM,7681,2,8
Context Information Security,7392,2,5
Dean Anderson,7325,1,1
NARLtv,7244,2,6
revlon,7130,1,28
Bee Ly TV,7083,3,9
Shawn,7036,1,55
NOVA's Secret Life of Scientists and Engineers,6574,2,30
Science vs Cinema,6320,1,11
edlover4real,6172,1,7
I'm With Her,6148,1,40
Ross Kempsell,6027,2,0
Famous Celebrities Snaps,5751,1,1
Taylor Alexander,5584,1,19
littleBits Electronics,5361,3,16
CNLohr,5224,1,261
The Scam On Demand,5107,3,6
Caterham Cars,4850,1,22
Skelly Robot,4767,1,90
Rob Andretti,4644,2,0
Madmorda,4541,1,144
J Gasser,4468,4,1
Thomas Sebastian,3788,1,37
University of Rochester EEOC Complainants,3773,4,2
taalk com,3757,3,11
The Nocturnal Alchemist,3712,2,15
Republican News Watch,3596,1,5
DraftExpress,3384,2,13
Newsy,3291,3,3
MickMake,3237,1,80
dekuNukem,3211,2,7
Grist,3133,1,18
Single Shot,2951,3,3
National Safety Council,2492,1,19
Cleveland Browns,2416,2,11
CHauserable,1807,1,2
Total Combat,1722,1,5
GoDucksdotcom,1391,2,5
OjO Commuter Scooter by OjO Electric,917,1,3
